Model,Accuracy
Logistic Regression,0.7642857142857142
Decision Tree,0.688265306122449
Random Forest,0.7387755102040816
KNN,0.6683673469387755
Naive Bayes,0.5331632653061225
SVM,0.7653061224489796
