Model,MAE,MSE,RMSE,R2 Score
Linear Regression,14823729060.114061,4.533831193879406e+22,212927950111.7551,-6.783112713761825e+16
Decision Tree Regressor,285.6868797789116,753666.7856021567,868.1398421925794,-0.12756883455638746
Random Forest Regressor,251.77116125416833,638286.5855996571,798.9283982933997,0.045052700760120024
