Model,Accuracy
Logistic Regression,0.7612244897959184
Decision Tree,0.6943877551020409
Random Forest,0.7270408163265306
KNN,0.7005102040816327
Naive Bayes,0.5331632653061225
SVM,0.7653061224489796
