Model,MAE,MSE,RMSE,R2 Score
Linear Regression,258.80330668951217,558555.1882499369,747.3654984342915,0.16433968607598048
Decision Tree Regressor,272.9583332659157,697408.3233202478,835.1097672283853,-0.043399955204136864
Random Forest Regressor,249.00223741474292,626719.5095262972,791.6561813857687,0.06235832538950137
